{
  "hash": "48b82438",
  "configHash": "b29d9549",
  "lockfileHash": "8b9d0a9c",
  "browserHash": "9495738b",
  "optimized": {
    "@angular/common": {
      "src": "../../../../../../node_modules/@angular/common/fesm2022/common.mjs",
      "file": "@angular_common.js",
      "fileHash": "11440a88",
      "needsInterop": false
    },
    "@angular/common/http": {
      "src": "../../../../../../node_modules/@angular/common/fesm2022/http.mjs",
      "file": "@angular_common_http.js",
      "fileHash": "ef956273",
      "needsInterop": false
    },
    "@angular/core": {
      "src": "../../../../../../node_modules/@angular/core/fesm2022/core.mjs",
      "file": "@angular_core.js",
      "fileHash": "8a1d7778",
      "needsInterop": false
    },
    "@angular/forms": {
      "src": "../../../../../../node_modules/@angular/forms/fesm2022/forms.mjs",
      "file": "@angular_forms.js",
      "fileHash": "55546bb9",
      "needsInterop": false
    },
    "@angular/platform-browser": {
      "src": "../../../../../../node_modules/@angular/platform-browser/fesm2022/platform-browser.mjs",
      "file": "@angular_platform-browser.js",
      "fileHash": "694e08bf",
      "needsInterop": false
    },
    "@angular/router": {
      "src": "../../../../../../node_modules/@angular/router/fesm2022/router.mjs",
      "file": "@angular_router.js",
      "fileHash": "89578a05",
      "needsInterop": false
    },
    "zone.js": {
      "src": "../../../../../../node_modules/zone.js/fesm2015/zone.js",
      "file": "zone__js.js",
      "fileHash": "d26a6147",
      "needsInterop": true
    },
    "jwt-decode": {
      "src": "../../../../../../node_modules/jwt-decode/build/esm/index.js",
      "file": "jwt-decode.js",
      "fileHash": "1f0a0c7a",
      "needsInterop": false
    }
  },
  "chunks": {
    "chunk-W7YN2SLV": {
      "file": "chunk-W7YN2SLV.js"
    },
    "chunk-VII3FBY2": {
      "file": "chunk-VII3FBY2.js"
    },
    "chunk-CWOHTDAH": {
      "file": "chunk-CWOHTDAH.js"
    },
    "chunk-AGCF4D2E": {
      "file": "chunk-AGCF4D2E.js"
    },
    "chunk-F2N7ZHYV": {
      "file": "chunk-F2N7ZHYV.js"
    },
    "chunk-WDMUDEB6": {
      "file": "chunk-WDMUDEB6.js"
    }
  }
}