{
  "users": [
    {
      "_id": "u1",
      "username": "johndoe",
      "email": "john@example.com",
      "profilePicture": "https://example.com/images/john.jpg",
      "bio": "Tech enthusiast and blogger.",
      "createdAt": "2024-01-10T10:30:00Z"
    },
    {
      "_id": "u2",
      "username": "janedoe",
      "email": "jane@example.com",
      "profilePicture": "https://example.com/images/jane.jpg",
      "bio": "Writer and coffee lover.",
      "createdAt": "2024-02-15T09:00:00Z"
    }
  ],

  "posts": [
    {
      "_id": "p1",
      "title": "Understanding JavaScript Closures",
      "slug": "understanding-javascript-closures",
      "content": "Closures are a fundamental concept in JavaScript. They allow functions to access variables from an enclosing scope...",
      "authorId": "u1",
      "tags": ["JavaScript", "Programming", "Web Development"],
      "likes": 42,
      "createdAt": "2024-03-01T12:00:00Z",
      "updatedAt": "2024-03-01T12:00:00Z"
    },
    {
      "_id": "p2",
      "title": "10 Tips for Better Writing",
      "slug": "10-tips-for-better-writing",
      "content": "Writing is an art. Here are 10 tips to help you write better content that engages your readers...",
      "authorId": "u2",
      "tags": ["Writing", "Productivity", "Lifestyle"],
      "likes": 57,
      "createdAt": "2024-04-10T09:45:00Z",
      "updatedAt": "2024-04-10T09:45:00Z"
    }
  ],

  "comments": [
    {
      "_id": "c1",
      "postId": "p1",
      "userId": "u2",
      "content": "Great explanation! Closures finally make sense now.",
      "createdAt": "2024-03-02T08:15:00Z"
    },
    {
      "_id": "c2",
      "postId": "p2",
      "userId": "u1",
      "content": "Nice tips! I’ll try these out in my next article.",
      "createdAt": "2024-04-11T11:00:00Z"
    }
  ],

  "tags": [
    { "_id": "t1", "name": "JavaScript" },
    { "_id": "t2", "name": "Writing" },
    { "_id": "t3", "name": "Productivity" },
    { "_id": "t4", "name": "Web Development" }
  ]
}
